{
    "counter": {
        "ACTIVE": 16353,
        "INACTIVE": 4647,
        "INVALID": 0,
        "MALICIOUS": 0,
        "SANE": 0,
        "VALID": 0,
        "total": 21000
    },
    "percentage": {
        "ACTIVE": 77.87142857142857,
        "INACTIVE": 22.135950078597627,
        "INVALID": 0,
        "MALICIOUS": 0,
        "SANE": 0,
        "VALID": 0,
        "total": 100.0073786500262
    }
}