{
    "counter": {
        "ACTIVE": 16541,
        "INACTIVE": 4459,
        "INVALID": 0,
        "MALICIOUS": 0,
        "SANE": 0,
        "VALID": 0,
        "total": 21000
    },
    "percentage": {
        "ACTIVE": 78.76666666666667,
        "INACTIVE": 21.24041347115705,
        "INVALID": 0,
        "MALICIOUS": 0,
        "SANE": 0,
        "VALID": 0,
        "total": 100.00708013782372
    }
}