{
    "counter": {
        "ACTIVE": 16444,
        "INACTIVE": 4556,
        "INVALID": 0,
        "MALICIOUS": 0,
        "SANE": 0,
        "VALID": 0,
        "total": 21000
    },
    "percentage": {
        "ACTIVE": 78.3047619047619,
        "INACTIVE": 21.702472252655646,
        "INVALID": 0,
        "MALICIOUS": 0,
        "SANE": 0,
        "VALID": 0,
        "total": 100.00723415741754
    }
}