{
    "counter": {
        "ACTIVE": 17161,
        "INACTIVE": 3839,
        "INVALID": 0,
        "MALICIOUS": 0,
        "SANE": 0,
        "VALID": 0,
        "total": 21000
    },
    "percentage": {
        "ACTIVE": 81.71904761904761,
        "INACTIVE": 18.28704806364026,
        "INVALID": 0,
        "MALICIOUS": 0,
        "SANE": 0,
        "VALID": 0,
        "total": 100.00609568268787
    }
}