{
    "counter": {
        "ACTIVE": 16665,
        "INACTIVE": 4335,
        "INVALID": 0,
        "MALICIOUS": 0,
        "SANE": 0,
        "VALID": 0,
        "total": 21000
    },
    "percentage": {
        "ACTIVE": 79.35714285714286,
        "INACTIVE": 20.649740389653694,
        "INVALID": 0,
        "MALICIOUS": 0,
        "SANE": 0,
        "VALID": 0,
        "total": 100.00688324679655
    }
}