{
    "counter": {
        "ACTIVE": 10681,
        "INACTIVE": 3739,
        "INVALID": 0,
        "MALICIOUS": 0,
        "SANE": 0,
        "VALID": 0,
        "total": 14420
    },
    "percentage": {
        "ACTIVE": 74.07073509015257,
        "INACTIVE": 25.931063180525694,
        "INVALID": 0,
        "MALICIOUS": 0,
        "SANE": 0,
        "VALID": 0,
        "total": 100.00179827067826
    }
}