{
    "counter": {
        "ACTIVE": 17002,
        "INACTIVE": 3998,
        "INVALID": 0,
        "MALICIOUS": 0,
        "SANE": 0,
        "VALID": 0,
        "total": 21000
    },
    "percentage": {
        "ACTIVE": 80.96190476190476,
        "INACTIVE": 19.044443385890535,
        "INVALID": 0,
        "MALICIOUS": 0,
        "SANE": 0,
        "VALID": 0,
        "total": 100.0063481477953
    }
}