{
    "counter": {
        "ACTIVE": 16244,
        "INACTIVE": 4756,
        "INVALID": 0,
        "MALICIOUS": 0,
        "SANE": 0,
        "VALID": 0,
        "total": 21000
    },
    "percentage": {
        "ACTIVE": 77.35238095238095,
        "INACTIVE": 22.65948830339702,
        "INVALID": 0,
        "MALICIOUS": 0,
        "SANE": 0,
        "VALID": 0,
        "total": 100.01186925577798
    }
}