{
    "counter": {
        "ACTIVE": 16904,
        "INACTIVE": 4096,
        "INVALID": 0,
        "MALICIOUS": 0,
        "SANE": 0,
        "VALID": 0,
        "total": 21000
    },
    "percentage": {
        "ACTIVE": 80.4952380952381,
        "INACTIVE": 19.5112656599819,
        "INVALID": 0,
        "MALICIOUS": 0,
        "SANE": 0,
        "VALID": 0,
        "total": 100.00650375522
    }
}